,city,Cloudiness,Country,Date,Humidity,lat,lon,Max Temp,Wind Speed
0,Aksarayskiy,0,RU,1570268215,28,46.79,48.01,23.0,8.0
1,New Norfolk,40,AU,1570268217,62,-42.78,147.06,12.0,3.6
2,Marzuq,12,YE,1570268219,15,14.4,46.47,31.31,6.82
3,Rikitea,100,PF,1570268221,81,-23.12,-134.97,21.01,9.86
4,East London,20,ZA,1570268222,57,-33.02,27.91,24.0,6.7
5,Hilo,75,US,1570268224,73,19.71,-155.08,23.0,3.1
6,Bandundu,100,CD,1570268226,97,-3.32,17.38,21.82,1.18
7,Goryachegorsk,100,RU,1570268228,82,55.41,88.92,6.74,7.05
8,Vaini,40,IN,1570268229,58,15.34,74.49,29.0,1.5
9,Moerai,100,PF,1570268231,84,-22.43,-151.33,23.24,6.34
10,Alofi,85,NU,1570268233,73,-19.06,-169.92,22.0,7.7
11,Umtata,0,ZA,1570268235,56,-31.59,28.78,20.0,2.1
12,Willmar,90,US,1570268236,93,45.12,-95.04,9.0,6.7
13,Bakchar,100,RU,1570268238,89,57.02,82.07,11.46,3.53
14,Mar del Plata,0,AR,1570268025,64,-46.43,-67.52,5.56,2.8
15,Albany,20,US,1570268241,92,42.65,-73.75,2.22,1.5
16,Springdale,1,US,1570268166,68,36.19,-94.13,18.0,4.6
17,Bonavista,46,CA,1570268245,85,48.65,-53.11,3.33,2.24
18,Arraial do Cabo,75,BR,1570268246,88,-22.97,-42.02,23.0,9.3
19,Paracuru,40,BR,1570268248,65,-3.41,-39.03,25.0,5.1
20,Iqaluit,75,CA,1570268250,80,63.75,-68.52,1.0,2.1
21,Dikson,99,RU,1570268252,78,73.51,80.55,-2.93,8.78
22,Iskateley,100,RU,1570268253,96,67.68,53.15,1.07,6.61
23,Pevek,100,RU,1570268255,83,69.7,170.27,-1.75,11.15
24,Kapaa,20,US,1570268162,78,22.08,-159.32,26.0,6.7
25,Cherskiy,100,RU,1570268258,91,68.75,161.3,-4.96,5.66
26,Bambous Virieux,40,MU,1570268260,69,-20.34,57.76,27.0,5.1
27,Am Timan,100,TD,1570268262,91,11.04,20.28,23.68,1.38
28,Gamba,0,CN,1570268264,27,28.28,88.52,10.11,3.79
29,Iberia,40,PE,1570268265,89,-11.41,-69.49,21.93,1.36
30,Sisimiut,100,GL,1570268267,84,66.94,-53.67,4.01,14.63
31,Belaya Gora,100,RU,1570268269,64,68.54,146.19,-3.36,4.1
32,Luanda,75,AO,1570268270,74,-8.83,13.24,26.0,3.1
33,Mezen,100,RU,1570268272,98,65.85,44.24,1.07,1.57
34,Road Town,1,VG,1570268274,78,18.42,-64.62,28.0,2.83
35,Ushuaia,75,AR,1570268162,80,-54.81,-68.31,2.0,11.8
36,Cape Town,0,ZA,1570268026,55,-33.93,18.42,22.22,3.6
37,Miri,100,NG,1570268279,66,10.31,9.75,25.5,0.4
38,Yellowknife,75,CA,1570268258,100,62.45,-114.38,3.0,4.6
39,Marawi,100,PH,1570268282,76,8.0,124.29,27.22,1.79
40,Ilulissat,100,GL,1570268284,74,69.22,-51.1,2.0,1.0
41,Aguimes,40,ES,1570268286,73,27.91,-15.45,24.44,12.3
42,Busselton,11,AU,1570268287,42,-33.64,115.35,17.78,9.15
43,Port Alfred,1,ZA,1570268289,79,-33.59,26.89,20.56,2.24
44,Itarema,100,BR,1570268291,64,-2.92,-39.92,25.61,3.74
45,Aurich,40,DE,1570268293,76,53.47,7.48,12.78,4.6
46,Comodoro Rivadavia,0,AR,1570268294,56,-45.87,-67.48,7.0,4.1
47,Borogontsy,76,RU,1570268296,71,62.67,131.17,-3.46,1.833
48,Yar-Sale,100,RU,1570268298,61,66.83,70.83,3.88,1.404
49,Vestmannaeyjar,100,IS,1570268300,89,63.44,-20.27,9.78,24.18
50,Zhigansk,100,RU,1570268301,92,66.77,123.37,-3.24,5.45
51,Castro,90,CL,1570268303,100,-42.48,-73.76,2.0,1.052
52,Punta Arenas,75,CL,1570268305,60,-53.16,-70.91,4.0,5.1
53,Newcastleton,100,GB,1570268306,100,55.18,-2.81,12.78,4.1
54,Airai,16,TL,1570268308,56,-8.93,125.41,26.71,1.31
55,Port-Gentil,40,GA,1570268092,78,-0.72,8.78,28.0,5.7
56,Deputatskiy,100,RU,1570268312,90,69.3,139.9,-9.53,4.85
57,Hermanus,0,ZA,1570268313,57,-34.42,19.24,22.22,1.34
58,Datong,81,CN,1570268315,33,40.09,113.3,12.85,3.263
59,Loandjili,75,CG,1570268317,88,-4.77,11.87,26.0,5.7
60,Thompson,90,CA,1570268318,81,55.74,-97.86,7.0,2.6
61,Qixingtai,100,CN,1570268320,80,30.41,111.89,16.11,8.113
62,Umm Lajj,0,SA,1570268322,70,25.02,37.27,29.74,3.9
63,Vilhena,3,BR,1570268324,86,-12.74,-60.15,20.4,1.223
64,Jamestown,23,AU,1570268325,12,-33.21,138.6,30.87,5.77
65,Atuona,0,PF,1570268327,73,-9.8,-139.03,26.92,8.43
66,Barrow,0,AR,1570268329,91,-38.31,-60.23,3.18,3.79
67,Carnarvon,0,ZA,1570268330,4,-30.97,22.13,24.59,7.12
68,Xunchang,31,CN,1570268332,67,28.45,104.71,23.66,2.0
69,Petropavlovsk-Kamchatskiy,90,RU,1570268334,96,53.05,158.65,0.0,5.425
70,Puerto Ayora,44,EC,1570268267,96,-0.74,-90.35,18.33,1.79
71,Saskylakh,0,RU,1570268337,91,71.97,114.09,-8.92,2.8
72,Jaisalmer,0,IN,1570268131,24,26.91,70.91,35.12,0.75
73,Mikhaylovka,100,RU,1570268341,47,52.96,103.29,11.04,4.19
74,Port Hardy,40,CA,1570268343,100,50.7,-127.42,8.0,2.6
75,Rajshahi,75,BD,1570268344,55,24.37,88.59,32.55,1.68
76,Saint-Philippe,1,CA,1570268346,66,45.36,-73.48,2.78,2.1
77,Podyuga,97,RU,1570268348,79,61.09,40.86,2.55,5.002
78,Moyale,100,ET,1570268350,75,3.52,39.05,22.67,4.05
79,Port Moresby,90,PG,1570268351,94,-9.47,147.16,25.0,10.8
80,Denta,0,RO,1570268353,62,45.35,21.25,13.89,1.5
81,Khatanga,24,RU,1570268355,74,71.98,102.47,-4.77,8.052
82,Suhbaatar,0,MN,1570268357,41,50.23,106.21,11.86,3.092
83,Narsaq,59,GL,1570268358,30,60.91,-46.05,12.0,5.7
84,Wahiawa,20,US,1570268360,69,21.5,-158.02,27.0,5.7
85,Kodiak,90,US,1570268362,72,39.95,-94.76,15.0,4.6
86,Avarua,100,CK,1570268364,64,-21.21,-159.78,22.0,1.5
87,Show Low,1,US,1570268366,76,34.25,-110.03,11.11,4.65
88,Bredasdorp,0,ZA,1570268367,40,-34.53,20.04,23.0,3.6
89,Fortuna,1,US,1570268369,93,40.6,-124.16,8.33,3.6
90,Lannion,90,FR,1570268335,93,48.73,-3.46,16.11,4.6
91,Mount Gambier,100,AU,1570268373,72,-37.83,140.78,18.0,4.1
92,Port Shepstone,97,ZA,1570268374,66,-30.74,30.45,21.93,4.448
93,Penzance,75,GB,1570268376,100,50.12,-5.53,16.11,5.1
94,Codrington,60,AU,1570268378,82,-28.95,153.24,17.0,0.5
95,Namibe,0,AO,1570268380,64,-15.19,12.15,23.0,7.2
96,Qaanaaq,100,GL,1570268382,96,77.48,-69.36,-4.47,2.205
97,Namatanai,31,PG,1570268384,79,-3.66,152.44,26.86,2.15
98,Ponta do Sol,0,BR,1570268386,82,-20.63,-46.0,17.13,3.57
99,Srednekolymsk,100,RU,1570268388,79,67.46,153.71,-5.19,3.87
100,San Severino Marche,40,IT,1570268389,93,43.23,13.18,17.78,2.1
101,Cayenne,0,GF,1570268391,94,4.94,-52.33,23.0,1.15
102,Georgetown,40,GY,1570268393,100,6.8,-58.16,24.0,2.1
103,Kuliyapitiya,40,LK,1570268395,74,7.47,80.04,29.0,5.1
104,Ilheus,34,BR,1570268397,95,-14.79,-39.05,19.36,0.81
105,Lebanon,1,US,1570268399,80,40.34,-76.42,6.67,2.77
106,Tasiilaq,71,GL,1570268400,75,65.61,-37.64,5.0,17.0
107,Kuybysheve,100,UA,1570268402,60,47.36,36.65,20.1,2.33
108,Northam,40,AU,1570268404,59,-31.65,116.67,19.0,5.1
109,Nome,1,US,1570268406,88,30.04,-94.42,24.0,1.5
110,Tecoanapa,40,MX,1570268407,88,16.99,-99.26,26.0,1.43
111,Sistranda,20,NO,1570268409,69,63.73,8.83,3.33,3.6
112,Chokurdakh,100,RU,1570268411,91,70.62,147.9,-2.96,9.76
113,Puri,0,ID,1570268413,30,-7.54,112.45,32.34,8.61
114,Buala,43,SB,1570268415,76,-8.15,159.59,27.12,1.5
115,Moron,100,HT,1570268417,78,18.56,-74.26,26.19,2.4
116,Hutchinson,90,US,1570268418,93,38.06,-97.93,20.0,6.7
117,Seoul,75,KR,1570268377,67,37.57,126.98,20.0,1.5
118,Mataura,50,NZ,1570268422,78,-46.19,168.86,7.22,1.79
119,Longyearbyen,75,NO,1570268424,74,78.22,15.63,3.0,6.2
120,Tshela,60,CD,1570268426,54,-4.99,12.94,31.66,0.92
121,Butaritari,100,KI,1570268427,66,3.07,172.79,29.24,4.21
122,Ati,100,TD,1570268429,78,13.21,18.34,25.23,1.636
123,Progreso,90,UY,1570268431,100,-34.68,-56.22,12.78,10.3
124,Solnechnyy,0,RU,1570268433,79,50.72,136.64,1.06,0.809
125,Ust-Kulom,100,RU,1570268435,95,61.69,53.69,5.24,2.37
126,Lebu,75,ET,1570268437,49,8.96,38.73,20.0,6.2
127,Lagoa,0,PT,1570268439,68,37.14,-8.45,20.56,1.0
128,Aktau,0,KZ,1570268441,30,43.65,51.16,25.0,8.0
129,Batman,0,TR,1570268443,22,37.88,41.13,31.0,1.0
130,Ionia,1,US,1570268445,87,42.99,-85.07,7.0,2.6
131,Lompoc,1,US,1570268447,87,34.64,-120.46,18.89,3.1
132,Carballo,20,ES,1570268448,77,43.21,-8.69,17.78,1.5
133,Havoysund,75,NO,1570268451,86,71.0,24.66,5.0,7.7
134,Ihosy,0,MG,1570268452,47,-22.4,46.13,25.73,3.51
135,Portland,1,US,1570268448,80,43.66,-70.25,4.44,2.1
136,Vangaindrano,79,MG,1570268456,73,-23.35,47.6,25.63,3.24
137,Nikolskoye,75,RU,1570268458,69,59.7,30.79,4.44,4.0
138,Esperance,90,AU,1570268460,93,-33.86,121.89,14.0,8.2
139,Faanui,0,PF,1570268462,84,-16.48,-151.75,26.05,5.09
140,Aykhal,90,RU,1570268464,92,65.95,111.51,-3.0,5.0
141,Nadym,10,RU,1570268466,63,65.53,72.51,5.17,4.34
142,Los Llanos de Aridane,75,ES,1570268468,73,28.66,-17.92,24.0,6.2
143,Port Lincoln,75,AU,1570268469,83,-34.72,135.86,16.42,12.94
144,Tall Kayf,0,TR,1570268472,17,37.08,41.07,32.0,2.1
145,Lixourion,20,GR,1570268473,46,38.2,20.43,23.0,5.7
146,Havelock,20,US,1570268475,56,34.88,-76.9,22.0,8.7
147,Bulaevo,92,KZ,1570268477,53,54.91,70.44,18.48,5.956
148,Damghan,0,IR,1570268479,36,36.17,54.34,15.05,3.36
149,Kilindoni,100,TZ,1570268481,79,-7.91,39.67,26.53,6.83
150,Bluff,0,AU,1570268483,25,-23.58,149.07,23.83,3.5
151,Yulara,0,AU,1570268485,6,-25.24,130.99,35.0,1.0
152,Nemuro,20,JP,1570268486,71,43.32,145.57,11.0,5.1
153,Cidreira,100,BR,1570268488,96,-30.17,-50.22,20.48,4.52
154,Nantucket,75,US,1570268490,57,41.28,-70.1,11.0,6.2
155,Victoria,75,BN,1570268492,66,5.28,115.24,30.0,3.1
156,Jesus Carranza,1,MX,1570268494,88,31.49,-106.24,22.0,0.52
157,Yining,0,CN,1570268496,64,29.04,114.56,25.93,4.54
158,Okhotsk,100,RU,1570268498,51,59.36,143.24,-3.16,2.73
159,Beringovskiy,0,RU,1570268499,62,63.05,179.32,-3.99,4.5
160,Provideniya,100,RU,1570268501,94,64.42,-173.23,-2.91,15.64
161,Port-Cartier,5,CA,1570268503,55,50.03,-66.88,4.44,4.1
162,Luwingu,4,ZM,1570268505,33,-10.26,29.92,28.92,4.45
163,Hobart,0,AU,1570268438,62,-42.88,147.33,12.0,3.6
164,Praya,40,ID,1570268509,62,-8.71,116.27,29.0,4.6
165,Ribeira Grande,20,PT,1570268511,77,38.52,-28.7,18.0,2.1
166,Alta Floresta,0,BR,1570268512,79,-9.87,-56.08,21.59,0.448
167,Mehamn,98,NO,1570268514,77,71.03,27.85,4.28,5.49
168,Veshenskaya,100,RU,1570268516,61,49.63,41.73,20.28,4.68
169,Petatlan,46,MX,1570268518,76,17.52,-101.27,26.04,3.448
170,Ayagoz,0,KZ,1570268520,14,47.96,80.43,17.3,8.205
171,Havre-Saint-Pierre,40,CA,1570268522,69,50.23,-63.6,2.0,3.1
172,Cabo San Lucas,0,MX,1570268524,88,22.89,-109.91,24.44,3.798
173,Bani Walid,0,LY,1570268526,51,31.76,14.0,23.05,1.621
174,Tekeli,0,KZ,1570268527,17,44.86,78.76,21.82,4.13
175,Humaita,75,AR,1570268529,93,-24.93,-65.37,14.0,2.1
176,Nagua,100,DO,1570268531,95,19.37,-69.85,22.3,0.857
177,Tula,9,RU,1570268533,64,54.19,37.62,10.1,2.59
178,San Felipe,0,CL,1570268535,78,-32.75,-70.73,7.78,1.46
179,Kailua,20,US,1570268420,69,21.39,-157.74,27.0,5.7
180,Sao Joao da Barra,0,BR,1570268538,85,-21.64,-41.05,22.69,8.506
181,Rosetta,0,EG,1570268540,48,31.4,30.42,29.0,2.1
182,San Cristobal,100,HN,1570268542,96,14.68,-86.92,18.87,0.64
183,Half Moon Bay,1,US,1570268544,87,37.46,-122.43,15.0,1.5
184,Tortoli,20,IT,1570268546,47,39.93,9.66,25.0,3.6
185,Vila,0,IT,1570268548,63,45.18,8.4,19.44,2.1
186,Saint-Augustin,5,CA,1570268550,100,45.63,-73.98,2.78,1.0
187,Luwuk,98,ID,1570268552,97,-0.95,122.79,19.39,1.35
188,Severo-Kurilsk,100,RU,1570268553,90,50.68,156.12,5.29,13.27
189,Labuhan,95,ID,1570268555,51,-2.54,115.51,31.42,1.41
190,Nouadhibou,0,MR,1570268557,78,20.93,-17.03,22.0,5.7
191,Dwarka,20,IN,1570268559,40,28.58,77.04,31.0,4.1
192,Sitka,86,US,1570268561,93,37.17,-99.65,17.78,5.36
193,Kysyl-Syr,97,RU,1570268563,87,63.9,122.77,-0.24,2.48
194,Bethel,75,US,1570268565,73,60.79,-161.76,4.0,5.7
195,Hovd,0,NO,1570268566,69,63.83,10.7,4.44,1.0
196,Hithadhoo,49,MV,1570268568,67,-0.6,73.08,28.05,4.458
197,Natal,20,BR,1570268547,88,-5.81,-35.21,22.0,1.5
198,Praia,35,BR,1570268572,83,-20.25,-43.81,16.64,1.714
199,Vardo,1,US,1570268574,87,39.62,-77.74,7.78,1.5
200,Mackay,90,CA,1570268576,65,53.65,-115.58,5.0,1.5
201,Raahe,0,FI,1570268578,60,64.68,24.47,5.56,4.1
202,Maldonado,90,UY,1570268580,100,-34.91,-54.96,12.0,5.1
203,Bandarbeyla,47,SO,1570268581,36,9.49,50.81,33.41,3.37
204,Mana,26,NG,1570268584,57,13.03,5.27,29.62,6.62
205,Tuktoyaktuk,100,CA,1570268585,79,69.44,-133.03,3.35,6.112
206,Kamennomostskoye,0,RU,1570268587,23,43.73,43.05,29.0,3.0
207,Inhambane,20,MZ,1570268322,65,-23.87,35.38,27.0,6.2
208,Puteyets,100,RU,1570268591,96,65.17,57.09,4.66,0.7
209,Shingu,20,JP,1570268593,64,33.72,135.99,23.0,7.7
210,Hamilton,75,CA,1570268595,93,43.26,-79.87,10.0,2.6
211,Baracoa,100,CU,1570268597,82,20.35,-74.5,26.1,1.861
212,Tilichiki,0,RU,1570268599,80,60.47,166.1,-2.67,1.16
213,Aripuana,66,BR,1570268601,99,-9.17,-60.63,21.61,0.65
214,Ahuimanu,20,US,1570268527,69,21.44,-157.84,27.0,5.7
215,Roebourne,0,AU,1570268604,15,-20.77,117.15,34.81,9.02
216,Canoinhas,85,BR,1570268606,98,-26.18,-50.4,16.09,0.56
217,Tura,73,RU,1570268608,64,64.27,100.22,1.34,8.1
218,Hengyang,0,CN,1570268610,51,26.89,112.6,28.65,7.66
219,Mahebourg,40,MU,1570268612,69,-20.41,57.7,27.0,5.1
220,Isangel,40,VU,1570268614,78,-19.55,169.27,23.0,7.019
221,Kaitangata,53,NZ,1570268616,67,-46.28,169.85,6.67,1.34
222,Chuy,100,UY,1570268618,97,-33.69,-53.46,14.54,4.85
223,Necochea,11,AR,1570268620,98,-38.55,-58.74,5.56,1.34
224,Shetpe,1,KZ,1570268622,13,44.14,52.16,24.33,7.16
225,Bathsheba,20,BB,1570268347,78,13.22,-59.52,28.0,5.7
226,Mpika,50,ZM,1570268625,33,-11.84,31.4,28.52,5.06
227,Katangi,35,IN,1570268627,67,21.77,79.8,28.18,3.31
228,Chapais,90,CA,1570268629,93,49.78,-74.86,2.0,1.5
229,Pitelino,94,RU,1570268631,79,54.58,41.81,9.65,4.125
230,Betanzos,20,ES,1570268632,77,43.28,-8.21,18.89,1.5
231,Mattru,77,SL,1570268634,87,7.62,-11.83,25.19,1.35
232,Laguna,75,BZ,1570268636,94,16.17,-88.94,24.0,1.44
233,Santa Maria,75,BR,1570268638,73,-16.02,-48.01,22.0,2.6
234,Palampur,88,IN,1570268640,43,32.11,76.54,25.29,3.05
235,Erenhot,27,CN,1570268642,22,43.65,111.97,9.96,2.46
236,Aksu,0,KZ,1570268643,32,52.04,76.93,21.0,2.0
237,Husavik,100,CA,1570268645,86,50.56,-96.99,7.22,2.68
238,Sayanogorsk,95,RU,1570268647,44,53.09,91.41,11.9,7.34
239,Bull Savanna,99,JM,1570268649,79,17.89,-77.59,27.39,3.51
240,Mount Isa,2,AU,1570268651,12,-20.73,139.49,29.0,3.6
241,Normandin,20,CA,1570268653,86,48.84,-72.53,1.0,3.1
242,Shenjiamen,33,CN,1570268655,80,29.96,122.3,23.02,6.91
243,Aswan,0,EG,1570268656,19,24.09,32.9,37.66,1.23
244,Tiznit,100,MA,1570268658,72,29.7,-9.73,20.99,2.73
245,Mpongwe,20,ZM,1570268660,29,-13.51,28.16,31.1,4.71
246,Torbay,75,CA,1570268662,86,47.66,-52.73,5.0,3.6
247,Pilot Butte,90,CA,1570268664,100,50.48,-104.42,5.0,2.6
248,Udachnyy,90,RU,1570268666,92,66.42,112.4,-3.0,5.0
249,Dinard,90,FR,1570268668,93,48.63,-2.06,17.78,3.6
250,Nara,20,JP,1570268670,64,34.68,135.8,24.0,2.1
251,College,90,US,1570268671,93,64.86,-147.8,2.0,5.1
252,Bako,45,BF,1570268673,60,12.29,-0.73,28.59,3.2
253,Surgut,40,RU,1570268675,66,61.25,73.4,9.0,3.0
254,La Ronge,5,CA,1570268677,93,55.1,-105.3,3.0,2.1
255,Kantunilkin,40,MX,1570268679,100,21.1,-87.49,25.0,1.5
256,Barcelona,75,ES,1570268492,77,41.38,2.18,22.78,1.5
257,Puerto Carreno,98,CO,1570268682,90,6.19,-67.49,23.28,0.865
258,Vammala,0,FI,1570268684,64,61.34,22.91,4.0,5.1
259,Vila Velha,40,BR,1570268686,65,-3.71,-38.6,25.56,5.1
260,Milkovo,75,BG,1570268688,64,41.53,24.68,20.0,2.6
261,Ballina,75,IE,1570268690,100,54.11,-9.15,14.44,5.7
262,Leningradskiy,100,RU,1570268692,97,69.38,178.42,2.05,9.25
263,Paracambi,16,BR,1570268693,73,-22.61,-43.71,23.0,5.1
264,Rabaul,33,PG,1570268695,74,-4.2,152.17,29.1,4.84
265,San Rafael,0,AR,1570268518,31,-34.61,-68.33,7.59,3.83
266,Mayo,90,CA,1570268699,98,63.59,-135.9,0.0,1.0
267,Balaipungut,22,ID,1570268701,47,1.11,101.31,32.48,2.534
268,Ostrovnoy,100,RU,1570268703,97,68.05,39.51,0.94,11.39
269,Gulf Gate Estates,1,US,1570268705,94,27.26,-82.51,26.11,2.1
270,Mogzon,0,RU,1570268707,47,51.74,111.97,7.38,3.04
271,Samagaltay,0,RU,1570268709,25,50.6,95.0,8.5,2.7
272,Cockburn Town,100,TC,1570268710,69,21.46,-71.14,28.31,3.45
273,Porosozero,100,RU,1570268712,88,62.72,32.71,1.04,4.613
274,Vao,90,EE,1570268714,74,59.1,26.19,4.08,3.355
275,Fairbanks,90,US,1570268563,93,64.84,-147.72,2.0,5.1
276,Praia da Vitoria,75,PT,1570268717,93,38.73,-27.07,19.0,3.17
277,Soe,0,EE,1570268719,93,57.91,26.05,3.89,3.6
278,Pozo Colorado,100,PY,1570268721,88,-23.49,-58.8,18.71,4.54
279,Lavrentiya,39,RU,1570268723,92,65.58,-170.99,-4.17,2.73
280,Whitehorse,90,CA,1570268665,52,60.72,-135.06,7.0,7.2
281,Jizan,40,SA,1570268727,59,16.89,42.56,35.0,3.6
282,Mirnyy,51,RU,1570268729,78,56.57,36.46,7.03,5.02
283,Ukiah,1,US,1570268706,70,39.15,-123.21,12.22,1.9
284,Hami,100,CN,1570268733,18,42.84,93.51,19.58,3.28
285,Russell,40,US,1570268735,93,38.9,-98.86,19.44,9.3
286,San Patricio,100,PY,1570268736,96,-26.98,-56.83,16.24,3.654
287,Guilin,0,CN,1570268739,34,25.28,110.29,34.0,2.0
288,Banda Aceh,100,ID,1570268741,70,5.56,95.32,26.7,1.94
289,Hay River,90,CA,1570268743,93,60.82,-115.79,6.0,3.1
290,Banjar,0,ID,1570268744,60,-7.37,108.54,27.02,4.03
291,Sorland,75,NO,1570268746,81,67.67,12.69,6.0,4.1
292,Tiksi,100,RU,1570268748,88,71.64,128.87,-6.81,11.27
293,Martos,0,ES,1570268750,52,37.72,-3.97,26.11,1.08
294,Mildura,100,AU,1570268752,16,-34.18,142.16,31.0,1.5
295,Inirida,100,CO,1570268754,99,3.87,-67.92,21.72,0.22
296,Tual,9,ID,1570268756,82,-5.67,132.75,26.46,5.7
297,Saint George,20,GR,1570268757,60,39.45,22.34,23.0,2.6
298,Bosaso,20,SO,1570268760,70,11.28,49.18,32.0,4.6
299,Lar,0,IR,1570268762,45,27.66,54.32,30.0,6.03
300,Lasa,20,CY,1570268764,61,34.92,32.53,28.0,3.6
301,Beba,20,CU,1570268766,94,22.44,-79.73,22.0,0.5
302,Port Elizabeth,1,US,1570268767,65,39.31,-74.98,12.22,3.1
303,Jalingo,70,NG,1570268769,61,10.3,10.93,26.86,3.65
304,Korcula,40,HR,1570268772,58,42.96,17.14,15.0,1.0
305,Sao Filipe,0,CV,1570268774,77,14.9,-24.5,24.85,1.911
306,Lorengau,100,PG,1570268776,79,-2.02,147.27,25.95,1.83
307,Creel,100,MX,1570268778,88,27.75,-107.63,13.21,0.621
308,Pindobacu,60,BR,1570268780,93,-10.74,-40.36,17.95,4.03
309,Jamundi,40,CO,1570268781,94,3.26,-76.53,20.0,1.0
310,Marsa Matruh,0,EG,1570268783,81,31.35,27.25,24.55,5.7
311,Khani,0,GE,1570268785,42,41.96,42.96,29.0,8.7
312,Bilma,0,NE,1570268787,9,18.69,12.92,36.35,6.851
313,Curuguaty,87,PY,1570268789,97,-24.47,-55.69,20.06,1.66
314,Amuntai,49,ID,1570268791,41,-2.42,115.25,33.2,2.04
315,Portachuelo,75,BO,1570268793,68,-17.35,-63.39,22.0,7.7
316,Taltal,17,CL,1570268795,89,-25.41,-70.49,7.58,0.647
317,Coquimbo,0,CL,1570268797,87,-29.95,-71.34,8.0,1.5
318,Kingman,1,US,1570268799,13,35.19,-114.05,20.0,1.236
319,Nampa,1,US,1570268801,93,43.57,-116.56,5.0,2.1
320,Verkhoyansk,14,RU,1570268803,51,67.55,133.39,-7.01,2.15
321,Samarai,100,PG,1570268805,96,-10.62,150.67,23.11,3.42
322,Bonthe,91,SL,1570268806,85,7.53,-12.5,25.74,1.98
323,Alghero,20,IT,1570268808,56,40.56,8.32,23.0,5.1
324,Dali,99,CN,1570268811,61,34.79,109.94,12.39,10.513
325,Aquiraz,40,BR,1570268813,65,-3.9,-38.39,25.56,5.1
326,Aklavik,75,CA,1570268815,69,68.22,-135.01,4.0,1.0
327,Malanville,100,NE,1570268817,65,11.86,3.39,27.99,4.395
328,Horn Lake,1,US,1570268819,67,34.96,-90.03,17.0,3.26
329,Rawson,0,AR,1570268821,49,-43.3,-65.11,7.78,5.49
330,Winnemucca,1,US,1570268823,52,40.97,-117.74,5.0,5.1
331,Kalmunai,99,LK,1570268825,63,7.42,81.82,30.51,3.07
332,Porto Novo,0,BR,1570268827,93,-23.68,-45.44,16.0,0.5
333,Talnakh,75,RU,1570268828,80,69.49,88.39,2.0,4.0
334,Chumikan,100,RU,1570268830,76,54.72,135.31,-0.88,0.83
335,Stromness,75,CA,1570268832,93,42.87,-79.55,7.78,2.6
336,Leiyang,60,CN,1570268834,41,26.42,112.85,31.83,5.25
337,Te Anau,0,NZ,1570268835,73,-45.41,167.72,3.9,1.17
338,Mercedes,78,UY,1570268837,91,-33.25,-58.03,11.83,6.78
339,Patacamaya,93,BO,1570268839,75,-17.23,-67.92,7.05,2.3
340,Walvis Bay,0,NA,1570268841,87,-22.95,14.51,17.22,2.68
341,Tuatapere,45,NZ,1570268843,78,-46.13,167.69,7.22,1.79
342,Richards Bay,100,ZA,1570268845,90,-28.77,32.06,20.34,7.28
343,Qaqortoq,59,GL,1570268846,30,60.72,-46.03,12.0,5.7
344,Boguchany,93,RU,1570268848,70,58.38,97.46,3.63,6.038
345,Upernavik,93,GL,1570268850,70,72.79,-56.15,-0.24,2.314
346,Shenzhen,20,CN,1570268852,52,22.54,114.05,32.78,3.6
347,Beian,20,NO,1570268854,69,63.66,9.57,3.33,3.6
348,Taldan,18,RU,1570268856,65,53.69,124.82,2.68,1.06
349,Buraydah,40,SA,1570268857,25,26.33,43.97,37.0,2.6
350,Carai,100,BR,1570268859,79,-17.19,-41.69,19.98,3.04
351,Norman Wells,40,CA,1570268862,86,65.28,-126.83,2.0,2.6
352,Noyabrsk,63,RU,1570268864,64,63.2,75.45,5.37,3.57
353,Saran,0,KZ,1570268866,15,49.8,72.84,20.0,6.0
354,Ancud,90,CL,1570268868,100,-41.87,-73.83,2.0,1.48
355,Kishtwar,100,IN,1570268870,34,33.31,75.77,14.53,1.87
356,Jalu,0,LY,1570268872,37,29.03,21.55,28.06,5.68
357,Slonim,100,BY,1570268873,78,53.09,25.32,8.22,2.7
358,Klaksvik,75,FO,1570268875,93,62.23,-6.59,9.0,14.4
359,Tazovskiy,100,RU,1570268877,96,67.47,78.7,2.14,8.34
360,Lorut,28,AM,1570268879,62,40.94,44.77,17.1,2.05
361,Yinchuan,100,CN,1570268881,35,38.48,106.21,15.0,1.34
362,Tsabong,0,BW,1570268883,8,-26.02,22.4,34.04,7.38
363,Haapiti,40,PF,1570268885,78,-17.57,-149.87,26.0,2.6
364,Baijiantan,0,CN,1570268887,23,45.63,85.18,17.4,3.85
365,Preeceville,78,CA,1570268889,94,51.95,-102.67,2.9,2.7
366,Voi,93,KE,1570268891,71,-3.4,38.57,23.83,3.65
367,Kurchum,0,KZ,1570268893,35,48.57,83.65,15.79,0.54
368,Juneau,90,US,1570268718,93,58.3,-134.42,9.44,5.1
369,Lakes Entrance,80,AU,1570268897,84,-37.88,147.99,16.67,0.76
370,Ust-Kuyga,100,RU,1570268898,81,70.0,135.55,-6.68,3.39
371,Eskisehir,75,TR,1570268900,87,39.78,30.52,19.0,1.5
372,Hasaki,20,JP,1570268902,77,35.73,140.83,22.22,2.6
373,Gornopravdinsk,93,RU,1570268904,85,60.06,69.92,13.83,3.67
374,Huntsville,1,US,1570268723,63,34.73,-86.59,20.56,3.1
375,Haines Junction,83,CA,1570268907,91,60.75,-137.51,-3.05,1.92
376,Kenai,1,US,1570268909,49,60.55,-151.26,9.0,4.1
377,Mtsamboro,20,YT,1570268912,70,-12.7,45.07,30.0,2.1
378,Nicolas Bravo,35,MX,1570268913,86,24.39,-104.74,10.12,1.17
379,Basco,75,US,1570268916,87,40.33,-91.2,12.22,5.1
380,Kamiiso,75,JP,1570268918,67,41.82,140.65,16.0,4.1
381,Bubaque,100,GW,1570268920,78,11.28,-15.83,26.58,2.15
382,Octeville,40,FR,1570268921,87,49.63,-1.64,17.78,4.6
383,Santa Isabel do Rio Negro,90,BR,1570268923,95,-0.41,-65.02,22.18,0.948
384,Grand Gaube,40,MU,1570268925,69,-20.01,57.66,27.0,5.1
385,Nelson Bay,44,AU,1570268927,87,-32.72,152.14,17.22,2.6
386,Dickinson,90,US,1570268928,100,46.88,-102.79,8.0,6.7
387,Hambantota,75,LK,1570268931,79,6.12,81.12,31.0,3.6
388,Pringsewu,81,ID,1570268933,70,-5.36,104.98,26.51,3.23
389,Kandrian,100,PG,1570268935,95,-6.21,149.55,23.47,0.985
390,Sobolevo,100,RU,1570268937,73,54.43,31.9,7.04,2.94
391,Xianshuigu,0,CN,1570268939,27,38.98,117.38,17.0,2.0
392,Abu Dhabi,0,AE,1570268940,26,24.47,54.37,39.0,3.1
393,Zwevegem,20,BE,1570268942,81,50.81,3.34,11.67,4.1
394,Hobyo,5,SO,1570268944,52,5.35,48.53,31.37,6.84
395,Rio Grande,100,BR,1570268918,96,-32.03,-52.1,16.33,4.49
396,Taoudenni,0,ML,1570268948,14,22.68,-3.98,31.51,7.07
397,Dera Bugti,2,PK,1570268949,31,29.03,69.15,30.97,4.09
398,Saint-Pierre,75,FR,1570268951,87,48.95,4.24,15.0,3.6
399,Katsuura,20,JP,1570268953,57,33.93,134.5,25.0,3.1
400,Arys,34,KZ,1570268955,31,42.43,68.8,24.0,2.0
401,Belem de Sao Francisco,12,BR,1570268957,87,-8.75,-38.97,19.68,5.41
402,Salalah,40,OM,1570268959,70,17.01,54.1,29.0,8.2
403,Socorro,1,US,1570268961,88,31.65,-106.3,21.67,2.66
404,Porkhov,90,RU,1570268962,93,57.77,29.55,3.0,4.0
405,Atherton,40,AU,1570268964,60,-17.27,145.48,23.0,5.1
406,Kiama,75,AU,1570268966,87,-34.67,150.86,16.67,0.39
407,Rjukan,0,NO,1570268968,88,59.88,8.59,-3.33,0.52
408,Nyagan,100,RU,1570268970,83,62.14,65.43,11.76,3.94
409,Nanakuli,75,US,1570268972,78,21.39,-158.15,27.0,1.5
410,Jacobina,53,BR,1570268974,85,-11.19,-40.51,18.24,3.35
411,Bonfim,0,BR,1570268976,82,-20.33,-44.24,19.0,4.6
412,Macau,0,BR,1570268978,78,-5.11,-36.64,22.5,6.6
413,Ewa Beach,75,US,1570268980,78,21.32,-158.01,27.0,1.5
414,San Quintin,100,PH,1570268982,81,17.54,120.52,27.1,0.92
415,Saldanha,0,PT,1570268984,68,41.42,-6.55,16.35,1.44
416,Dzhebariki-Khaya,0,RU,1570268986,75,62.22,135.8,-5.79,1.186
417,Los Andes,0,CL,1570268988,76,-32.83,-70.6,7.78,1.46
418,Sao Jose de Ribamar,20,BR,1570268990,94,-2.56,-44.05,25.0,2.6
419,Padang,3,ID,1570268992,82,-0.92,100.36,26.11,6.86
420,Calvia,0,ES,1570268994,69,39.57,2.51,26.11,1.5
421,Presidencia Roque Saenz Pena,90,AR,1570268996,100,-26.79,-60.44,14.0,3.6
422,Grants,1,US,1570268998,71,35.15,-107.85,10.0,2.1
423,Melioratorov,58,RU,1570269000,40,57.21,65.61,21.0,6.0
424,Ojinaga,1,US,1570269002,50,29.56,-104.41,25.0,2.1
425,Moree,66,AU,1570269004,34,-29.46,149.84,27.0,3.6
426,Harper,1,US,1570269006,82,30.3,-99.24,21.11,1.5
427,Jijiga,0,ET,1570269008,60,9.35,42.8,21.03,1.07
428,Gallup,1,US,1570269010,70,35.53,-108.74,10.56,3.53
429,Ust-Kut,100,RU,1570269012,94,56.78,105.75,3.65,4.57
430,Bhojudih,83,IN,1570269014,68,23.64,86.44,29.84,2.24
431,Benguela,49,AO,1570269015,85,-12.58,13.4,22.66,4.665
432,Sola,60,TZ,1570269017,34,-3.17,33.8,28.87,3.01
433,Dingle,89,PH,1570269019,86,11.0,122.67,27.1,1.07
434,Priyutovo,23,RU,1570269021,28,53.89,53.93,16.53,8.58
435,Santa Maria del Oro,95,MX,1570268904,77,25.95,-105.37,17.57,0.79
436,Westport,1,US,1570268888,75,41.14,-73.36,8.89,3.6
437,Port Blair,94,IN,1570269027,64,11.67,92.75,28.32,1.62
438,Lezajsk,75,PL,1570269028,81,50.26,22.42,11.11,3.1
439,Harduaganj,0,IN,1570269030,32,27.95,78.17,33.24,3.34
440,Geraldton,40,CA,1570269032,95,49.72,-86.95,0.0,2.1
441,Quincy,20,US,1570269034,50,47.23,-119.85,11.0,2.6
442,Golaghat,99,IN,1570269037,68,26.51,93.97,29.22,0.81
443,Nikolayevskaya,0,RU,1570269039,30,43.22,44.21,28.0,6.0
444,Olinda,0,AU,1570269041,68,-37.84,145.39,19.44,3.1
445,Batagay,49,RU,1570269043,60,67.65,134.64,-6.39,1.63
446,Polunochnoye,100,RU,1570269045,84,60.87,60.43,13.52,2.71
447,Dalbandin,62,PK,1570269047,25,28.9,64.41,31.28,6.6
448,Saint-Francois,90,FR,1570269049,77,46.42,3.91,15.0,3.6
449,Luebo,100,CD,1570269051,51,-5.35,21.42,31.52,0.99
450,Kedrovyy,75,RU,1570269053,87,56.17,91.82,7.0,5.0
451,Pochutla,55,MX,1570269055,77,15.74,-96.47,27.1,2.224
452,Burley,1,US,1570269057,74,42.54,-113.79,3.0,1.5
453,Leh,100,IN,1570269059,23,34.16,77.58,5.56,1.463
454,Vitim,86,RU,1570269061,81,59.44,112.57,5.93,3.65
455,Santa Rosa,0,AR,1570269063,42,-36.62,-64.29,6.62,3.036
456,Pisco,90,PE,1570269065,87,-13.71,-76.2,15.0,1.5
457,Nouakchott,9,MR,1570269067,88,18.08,-15.98,26.0,3.1
458,Nishihara,20,JP,1570269069,65,35.74,139.53,28.89,5.7
459,Itoman,20,JP,1570269071,69,26.12,127.67,26.0,6.7
460,Port Macquarie,90,AU,1570269073,77,-31.43,152.91,17.22,3.1
461,Coihaique,20,CL,1570269075,75,-45.58,-72.07,5.0,2.1
462,Abancay,70,PE,1570269077,87,-13.64,-72.88,8.49,0.87
463,Porto Walter,62,BR,1570269078,81,-8.27,-72.74,22.58,1.12
464,Dunedin,3,NZ,1570269013,62,-45.87,170.5,7.78,4.92
465,Whitecourt,100,CA,1570269082,95,54.14,-115.68,3.68,6.61
466,Saravan,20,AM,1570269084,34,39.72,45.65,26.0,2.1
467,Amapa,100,HN,1570269086,94,15.09,-87.97,24.44,1.14
468,Miandrivazo,2,MG,1570269088,27,-19.53,45.46,36.74,2.26
469,Rio Gallegos,0,AR,1570269090,80,-51.62,-69.22,0.0,4.6
470,Buenaventura,99,CO,1570269091,84,3.89,-77.07,25.62,4.54
471,Pedregulho,0,BR,1570269093,68,-20.25,-47.48,19.06,5.54
472,Mokhsogollokh,100,RU,1570269095,81,61.4,128.95,-1.9,1.34
473,Norton,1,US,1570269098,80,41.97,-71.19,5.56,2.12
474,Kruisfontein,0,ZA,1570269099,38,-34.0,24.73,23.37,5.34
475,Kahului,1,US,1570269101,73,20.89,-156.47,25.0,6.2
476,Gardez,47,AF,1570269104,12,33.6,69.22,18.41,7.35
477,Rocky Mount,40,US,1570269106,72,35.94,-77.8,19.0,3.1
478,Gazanjyk,0,TM,1570269108,13,39.24,55.52,26.22,6.02
479,Dudinka,75,RU,1570269110,80,69.41,86.18,2.0,2.0
480,Karratha,0,AU,1570269112,18,-20.74,116.85,32.53,6.94
481,San Buenaventura,0,MX,1570269114,68,27.06,-101.55,23.89,1.79
482,Belawan,19,ID,1570269116,62,-0.59,114.46,30.01,0.71
483,Sayyan,0,YE,1570268855,18,15.17,44.32,29.19,5.67
484,Niteroi,90,BR,1570269120,100,-29.95,-51.16,20.56,2.6
485,Ngunguru,67,NZ,1570269122,89,-35.62,174.5,11.67,3.58
486,Lethem,14,GY,1570269123,81,3.38,-59.8,24.22,3.382
487,Plettenberg Bay,0,ZA,1570269125,35,-34.05,23.37,25.66,1.79
488,Kabompo,0,ZM,1570269127,27,-13.6,24.21,31.99,5.11
489,Douglas,90,US,1570269129,93,58.28,-134.39,9.44,5.1
490,Coronado,85,PA,1570269130,90,8.53,-79.9,25.56,1.79
491,Zonguldak,75,TR,1570269132,57,41.25,31.83,24.0,3.6
492,Toora-Khem,94,RU,1570269134,43,52.47,96.11,8.04,2.28
493,Tuskegee,1,US,1570269136,73,32.42,-85.69,25.0,1.864
494,Kommunar,90,RU,1570269138,69,59.62,30.39,4.44,5.0
495,Terrasini,40,IT,1570269140,57,38.15,13.08,25.0,4.6
496,Kamenka,47,MD,1570269141,52,48.03,28.7,12.42,2.41
497,Stephenville,90,CA,1570269022,86,48.55,-58.59,3.0,1.0
498,Sisophon,100,KH,1570269145,70,13.59,102.97,29.85,1.26
499,Synya,100,RU,1570269147,99,65.37,58.04,4.99,1.892
